{
    "now": "2025-06-08T15:04:50.650Z",
    "perfNow": 276927.2999999523,
    "diagnosticCorrelation": "7c879a13-15b4-4ceb-b660-bbd0f858b9ae",
    "source": "DownloadSupportFiles",
    "environment": {
        "productName": "adf",
        "buildVersion": "1.0.060325.13",
        "environmentType": 3,
        "resourceName": "efn-azuredatafactory-dev",
        "resourceRegion": "eastus",
        "resourceGroup": "edufulnessdev",
        "subscriptionId": "bd9fa7bc-fd6c-493e-b15e-676768238e94",
        "sessionId": "/cQ7QofbMnt2IrlW3vyCc5",
        "operationId": "",
        "gitType": "live",
        "loggingKey": "953699f3-9b09-4007-b2da-801c817d156c"
    },
    "additionalInfo": {
        "selectedResource": "logs",
        "selectedResourceType": "pipeline"
    }
}