{
    "name": "logs_1",
    "properties": {
        "activities": [
            {
                "name": "Capture starting log",
                "type": "Lookup",
                "dependsOn": [],
                "policy": {
                    "timeout": "0.12:00:00",
                    "retry": 0,
                    "retryIntervalInSeconds": 30,
                    "secureOutput": false,
                    "secureInput": false
                },
                "userProperties": [],
                "typeProperties": {
                    "source": {
                        "type": "SqlServerSource",
                        "sqlReaderStoredProcedureName": "[apr25e].[uspLogsStarting]",
                        "storedProcedureParameters": {
                            "p_ADFName": {
                                "type": "String",
                                "value": {
                                    "value": "@pipeline().DataFactory",
                                    "type": "Expression"
                                }
                            },
                            "p_parent_id": {
                                "type": "Int32",
                                "value": {
                                    "value": "@pipeline().parameters.parent_id",
                                    "type": "Expression"
                                }
                            },
                            "p_PipelineName": {
                                "type": "String",
                                "value": {
                                    "value": "@pipeline().Pipeline",
                                    "type": "Expression"
                                }
                            },
                            "p_RunID": {
                                "type": "String",
                                "value": {
                                    "value": "@pipeline().RunId",
                                    "type": "Expression"
                                }
                            },
                            "p_StartTime": {
                                "type": "DateTime",
                                "value": {
                                    "value": "@utcNow()",
                                    "type": "Expression"
                                }
                            }
                        },
                        "queryTimeout": "02:00:00",
                        "partitionOption": "None"
                    },
                    "dataset": {
                        "referenceName": "SqlServerTable1",
                        "type": "DatasetReference"
                    },
                    "firstRowOnly": false
                }
            },
            {
                "name": "Capture ending log for success",
                "type": "SqlServerStoredProcedure",
                "dependsOn": [
                    {
                        "activity": "Wait1",
                        "dependencyConditions": [
                            "Succeeded"
                        ]
                    }
                ],
                "policy": {
                    "timeout": "0.12:00:00",
                    "retry": 0,
                    "retryIntervalInSeconds": 30,
                    "secureOutput": false,
                    "secureInput": false
                },
                "userProperties": [],
                "typeProperties": {
                    "storedProcedureName": "[apr25e].[usp_UpdateLogsStarting]",
                    "storedProcedureParameters": {
                        "ErrorMessage": {
                            "value": null,
                            "type": "String"
                        },
                        "LogID": {
                            "value": {
                                "value": "@activity('Capture starting log').output.value[0].id",
                                "type": "Expression"
                            },
                            "type": "Int32"
                        },
                        "Status": {
                            "value": {
                                "value": "@variables('status_success')",
                                "type": "Expression"
                            },
                            "type": "String"
                        }
                    }
                },
                "linkedServiceName": {
                    "referenceName": "Is_efnsqlserverdev_",
                    "type": "LinkedServiceReference"
                }
            },
            {
                "name": "Capture ending log for failure",
                "type": "SqlServerStoredProcedure",
                "dependsOn": [
                    {
                        "activity": "Wait1",
                        "dependencyConditions": [
                            "Failed"
                        ]
                    }
                ],
                "policy": {
                    "timeout": "0.12:00:00",
                    "retry": 0,
                    "retryIntervalInSeconds": 30,
                    "secureOutput": false,
                    "secureInput": false
                },
                "userProperties": [],
                "typeProperties": {
                    "storedProcedureName": "[apr25e].[usp_UpdateLogsStarting]",
                    "storedProcedureParameters": {
                        "ErrorMessage": {
                            "value": null,
                            "type": "String"
                        },
                        "LogID": {
                            "value": {
                                "value": "@activity('Capture starting log').output.value[0].id",
                                "type": "Expression"
                            },
                            "type": "Int32"
                        },
                        "Status": {
                            "value": {
                                "value": "@variables('status_fail')",
                                "type": "Expression"
                            },
                            "type": "String"
                        }
                    }
                },
                "linkedServiceName": {
                    "referenceName": "Is_efnsqlserverdev_",
                    "type": "LinkedServiceReference"
                }
            },
            {
                "name": "Wait1",
                "type": "Wait",
                "dependsOn": [
                    {
                        "activity": "Capture starting log",
                        "dependencyConditions": [
                            "Succeeded"
                        ]
                    }
                ],
                "userProperties": [],
                "typeProperties": {
                    "waitTimeInSeconds": 10
                }
            }
        ],
        "parameters": {
            "parent_id": {
                "type": "int"
            }
        },
        "variables": {
            "status_success": {
                "type": "String",
                "defaultValue": "success"
            },
            "status_fail": {
                "type": "String",
                "defaultValue": "failer"
            }
        },
        "annotations": [],
        "lastPublishTime": "2025-05-30T18:22:23Z"
    },
    "type": "Microsoft.DataFactory/factories/pipelines"
}